-- MySQL dump 10.13  Distrib 5.7.29, for Linux (x86_64)
--
-- Host: 35.239.81.122    Database: NYshooting
-- ------------------------------------------------------
-- Server version	8.0.21

/*!40101 SET @OLD_CHARACTER_SET_CLIENT=@@CHARACTER_SET_CLIENT */;
/*!40101 SET @OLD_CHARACTER_SET_RESULTS=@@CHARACTER_SET_RESULTS */;
/*!40101 SET @OLD_COLLATION_CONNECTION=@@COLLATION_CONNECTION */;
/*!40101 SET NAMES utf8 */;
/*!40103 SET @OLD_TIME_ZONE=@@TIME_ZONE */;
/*!40103 SET TIME_ZONE='+00:00' */;
/*!40014 SET @OLD_UNIQUE_CHECKS=@@UNIQUE_CHECKS, UNIQUE_CHECKS=0 */;
/*!40014 SET @OLD_FOREIGN_KEY_CHECKS=@@FOREIGN_KEY_CHECKS, FOREIGN_KEY_CHECKS=0 */;
/*!40101 SET @OLD_SQL_MODE=@@SQL_MODE, SQL_MODE='NO_AUTO_VALUE_ON_ZERO' */;
/*!40111 SET @OLD_SQL_NOTES=@@SQL_NOTES, SQL_NOTES=0 */;

--
-- Table structure for table `age_group`
--

DROP TABLE IF EXISTS `age_group`;
/*!40101 SET @saved_cs_client     = @@character_set_client */;
/*!40101 SET character_set_client = utf8 */;
CREATE TABLE `age_group` (
  `id` int NOT NULL AUTO_INCREMENT,
  `age_group` varchar(255) DEFAULT NULL,
  PRIMARY KEY (`id`)
) ENGINE=InnoDB AUTO_INCREMENT=8 DEFAULT CHARSET=utf8mb4 COLLATE=utf8mb4_0900_ai_ci;
/*!40101 SET character_set_client = @saved_cs_client */;

--
-- Dumping data for table `age_group`
--

LOCK TABLES `age_group` WRITE;
/*!40000 ALTER TABLE `age_group` DISABLE KEYS */;
INSERT INTO `age_group` VALUES (2,'18-24'),(3,'25-44'),(4,'45-64'),(5,'<18'),(6,'65+'),(7,'UNKNOWN');
/*!40000 ALTER TABLE `age_group` ENABLE KEYS */;
UNLOCK TABLES;

--
-- Table structure for table `borough`
--

DROP TABLE IF EXISTS `borough`;
/*!40101 SET @saved_cs_client     = @@character_set_client */;
/*!40101 SET character_set_client = utf8 */;
CREATE TABLE `borough` (
  `id` int NOT NULL AUTO_INCREMENT,
  `borough` varchar(255) DEFAULT NULL,
  PRIMARY KEY (`id`)
) ENGINE=InnoDB AUTO_INCREMENT=6 DEFAULT CHARSET=utf8mb4 COLLATE=utf8mb4_0900_ai_ci;
/*!40101 SET character_set_client = @saved_cs_client */;

--
-- Dumping data for table `borough`
--

LOCK TABLES `borough` WRITE;
/*!40000 ALTER TABLE `borough` DISABLE KEYS */;
INSERT INTO `borough` VALUES (1,'MANHATTAN'),(2,'BROOKLYN'),(3,'QUEENS'),(4,'BRONX'),(5,'STATEN ISLAND');
/*!40000 ALTER TABLE `borough` ENABLE KEYS */;
UNLOCK TABLES;

--
-- Table structure for table `location`
--

DROP TABLE IF EXISTS `location`;
/*!40101 SET @saved_cs_client     = @@character_set_client */;
/*!40101 SET character_set_client = utf8 */;
CREATE TABLE `location` (
  `id` int NOT NULL AUTO_INCREMENT,
  `location` varchar(255) DEFAULT NULL,
  PRIMARY KEY (`id`)
) ENGINE=InnoDB AUTO_INCREMENT=12 DEFAULT CHARSET=utf8mb4 COLLATE=utf8mb4_0900_ai_ci;
/*!40101 SET character_set_client = @saved_cs_client */;

--
-- Dumping data for table `location`
--

LOCK TABLES `location` WRITE;
/*!40000 ALTER TABLE `location` DISABLE KEYS */;
INSERT INTO `location` VALUES (1,'MULTI DWELL - PUBLIC HOUS'),(2,'MULTI DWELL - APT BUILD'),(3,'PVT HOUSE'),(4,'FAST FOOD'),(5,'SOCIAL CLUB/POLICY LOCATI'),(6,'GROCERY/BODEGA'),(7,'HOSPITAL'),(8,'BAR/NIGHT CLUB'),(9,'RESTAURANT/DINER'),(10,'GAS STATION'),(11,'DRUG STORE');
/*!40000 ALTER TABLE `location` ENABLE KEYS */;
UNLOCK TABLES;

--
-- Table structure for table `perp_and_vict`
--

DROP TABLE IF EXISTS `perp_and_vict`;
/*!40101 SET @saved_cs_client     = @@character_set_client */;
/*!40101 SET character_set_client = utf8 */;
CREATE TABLE `perp_and_vict` (
  `id` int NOT NULL AUTO_INCREMENT,
  `incident_id` int DEFAULT NULL,
  `perp_sex_id` int DEFAULT NULL,
  `perp_age_id` int DEFAULT NULL,
  `perp_race_id` int DEFAULT NULL,
  `vict_sex_id` int DEFAULT NULL,
  `vict_age_id` int DEFAULT NULL,
  `vict_race_id` int DEFAULT NULL,
  `is_murder` tinyint(1) DEFAULT NULL,
  PRIMARY KEY (`id`),
  KEY `perp_and_vict_age_group_id_fk` (`perp_age_id`),
  KEY `perp_and_vict_age_group_id_fk_2` (`vict_age_id`),
  KEY `perp_and_vict_race_id_fk` (`vict_race_id`),
  KEY `perp_and_vict_race_id_fk_2` (`perp_race_id`),
  KEY `perp_and_vict_sex_id_fk` (`perp_sex_id`),
  KEY `perp_and_vict_sex_id_fk_2` (`vict_sex_id`),
  KEY `perp_and_vict_unique_shooting_id_fk` (`incident_id`),
  CONSTRAINT `perp_and_vict_age_group_id_fk` FOREIGN KEY (`perp_age_id`) REFERENCES `age_group` (`id`) ON DELETE CASCADE,
  CONSTRAINT `perp_and_vict_age_group_id_fk_2` FOREIGN KEY (`vict_age_id`) REFERENCES `age_group` (`id`) ON DELETE CASCADE,
  CONSTRAINT `perp_and_vict_race_id_fk` FOREIGN KEY (`vict_race_id`) REFERENCES `race` (`id`) ON DELETE CASCADE,
  CONSTRAINT `perp_and_vict_race_id_fk_2` FOREIGN KEY (`perp_race_id`) REFERENCES `race` (`id`) ON DELETE CASCADE,
  CONSTRAINT `perp_and_vict_sex_id_fk` FOREIGN KEY (`perp_sex_id`) REFERENCES `sex` (`id`) ON DELETE CASCADE,
  CONSTRAINT `perp_and_vict_sex_id_fk_2` FOREIGN KEY (`vict_sex_id`) REFERENCES `sex` (`id`) ON DELETE CASCADE,
  CONSTRAINT `perp_and_vict_unique_shooting_id_fk` FOREIGN KEY (`incident_id`) REFERENCES `unique_shooting` (`id`) ON DELETE CASCADE
) ENGINE=InnoDB AUTO_INCREMENT=512 DEFAULT CHARSET=utf8mb4 COLLATE=utf8mb4_0900_ai_ci;
/*!40101 SET character_set_client = @saved_cs_client */;

--
-- Dumping data for table `perp_and_vict`
--

LOCK TABLES `perp_and_vict` WRITE;
/*!40000 ALTER TABLE `perp_and_vict` DISABLE KEYS */;
INSERT INTO `perp_and_vict` VALUES (1,1,1,2,3,1,2,1,0),(2,2,1,4,3,1,3,2,0),(3,3,1,2,2,1,3,2,0),(4,4,1,2,2,1,3,2,0),(5,5,NULL,NULL,NULL,1,2,3,0),(6,6,1,2,2,2,4,4,0),(7,7,NULL,NULL,NULL,1,3,3,0),(8,8,1,3,2,1,3,2,0),(9,9,NULL,NULL,NULL,1,3,2,1),(10,10,NULL,NULL,NULL,1,5,2,0),(11,11,NULL,NULL,NULL,2,6,2,0),(12,12,1,2,2,1,3,3,0),(13,13,NULL,NULL,NULL,1,3,1,0),(14,14,1,2,2,1,3,2,0),(15,15,NULL,NULL,NULL,1,3,1,0),(16,16,NULL,NULL,NULL,1,3,2,0),(17,17,1,2,2,1,3,2,0),(18,18,NULL,NULL,NULL,1,2,2,0),(19,19,NULL,NULL,NULL,1,3,3,0),(20,20,NULL,NULL,NULL,1,3,2,0),(21,21,1,2,3,1,2,2,0),(22,22,1,2,2,1,3,2,0),(23,23,3,7,5,1,5,3,0),(24,24,NULL,NULL,NULL,1,3,2,0),(25,25,NULL,NULL,NULL,1,3,2,0),(26,26,NULL,NULL,NULL,1,3,3,0),(27,27,1,2,3,1,2,1,0),(28,28,NULL,NULL,NULL,1,2,5,0),(29,29,NULL,NULL,NULL,2,4,2,0),(30,30,1,5,2,1,5,2,0),(31,31,3,3,5,1,3,2,0),(32,32,NULL,NULL,NULL,1,3,1,0),(33,33,NULL,NULL,NULL,1,3,3,0),(34,34,1,2,2,2,3,2,0),(35,35,NULL,NULL,NULL,1,3,2,0),(36,36,1,5,6,1,2,5,0),(37,37,NULL,NULL,NULL,1,3,2,1),(38,38,NULL,NULL,NULL,1,2,2,0),(39,39,1,3,2,1,3,2,1),(40,40,NULL,NULL,NULL,1,2,2,0),(41,41,1,4,2,1,3,2,0),(42,42,NULL,NULL,NULL,1,4,1,0),(43,43,NULL,NULL,NULL,1,3,2,0),(44,44,NULL,NULL,NULL,1,3,2,0),(45,45,NULL,NULL,NULL,1,3,2,0),(46,46,NULL,NULL,NULL,1,3,2,0),(47,47,NULL,NULL,NULL,1,5,1,0),(48,48,NULL,NULL,NULL,1,3,2,0),(49,49,1,2,2,1,3,2,0),(50,50,NULL,NULL,NULL,1,3,2,0),(51,51,1,5,2,1,5,2,0),(52,52,1,2,2,1,2,2,0),(53,53,1,3,2,1,3,2,0),(54,54,NULL,NULL,NULL,1,5,1,0),(55,55,NULL,NULL,NULL,1,3,2,0),(56,56,1,3,2,1,3,2,1),(57,57,NULL,NULL,NULL,1,3,2,0),(58,58,1,6,5,2,4,4,0),(59,59,1,3,2,2,4,6,0),(60,60,NULL,NULL,NULL,1,3,2,0),(61,61,1,3,1,1,3,3,0),(62,62,1,2,2,1,3,2,0),(63,63,NULL,NULL,NULL,1,3,2,0),(64,64,1,2,5,1,3,2,0),(65,65,NULL,NULL,NULL,2,5,2,0),(66,66,NULL,NULL,NULL,1,3,2,0),(67,67,NULL,NULL,NULL,1,2,1,0),(68,68,1,2,2,1,2,2,0),(69,69,NULL,NULL,NULL,2,2,2,0),(70,70,1,3,2,1,3,2,1),(71,71,NULL,NULL,NULL,2,3,2,0),(72,72,NULL,NULL,NULL,1,2,2,0),(73,73,1,5,3,1,5,2,0),(74,74,NULL,NULL,NULL,1,3,2,0),(75,40,NULL,NULL,NULL,1,5,2,0),(76,75,1,2,2,1,3,2,1),(77,76,NULL,NULL,NULL,1,4,2,1),(78,77,1,4,2,1,3,2,0),(79,78,1,2,2,1,5,2,1),(80,79,1,2,2,1,2,2,0),(81,80,NULL,NULL,NULL,1,2,2,0),(82,81,1,2,2,2,5,2,0),(83,82,1,3,2,1,2,2,1),(84,83,1,2,2,1,2,2,1),(85,84,1,3,2,1,5,2,0),(86,85,NULL,NULL,NULL,1,4,2,1),(87,86,1,3,1,1,3,2,0),(88,87,NULL,NULL,NULL,1,2,1,0),(89,88,NULL,NULL,NULL,1,3,2,0),(90,89,1,3,5,1,3,1,0),(91,90,1,3,2,1,3,2,0),(92,91,1,3,3,1,4,2,0),(93,92,1,3,2,1,3,2,0),(94,93,1,2,2,1,2,2,0),(95,94,1,2,2,1,3,1,0),(96,95,NULL,NULL,NULL,1,3,3,0),(97,96,NULL,NULL,NULL,1,4,2,0),(98,97,NULL,NULL,NULL,1,2,1,0),(99,98,1,2,2,1,5,3,0),(100,99,NULL,NULL,NULL,1,2,2,0),(101,100,1,3,3,1,3,2,0),(102,17,1,3,2,1,3,2,1),(103,101,1,3,2,1,4,2,1),(104,102,1,2,2,1,2,2,0),(105,103,1,3,2,1,3,3,0),(106,104,1,5,2,1,2,3,0),(107,105,1,3,1,3,7,5,0),(108,106,1,2,2,1,4,2,0),(109,107,1,3,2,1,2,1,1),(110,67,NULL,NULL,NULL,1,3,3,1),(111,108,1,3,2,1,4,2,1),(112,109,1,2,2,1,5,3,0),(113,22,1,2,2,2,3,2,0),(114,110,1,5,2,1,5,2,0),(115,83,1,5,3,1,2,2,1),(116,111,NULL,NULL,NULL,1,3,2,0),(117,112,1,2,5,2,3,4,0),(118,89,2,3,2,1,3,1,0),(119,2,1,4,3,1,3,3,0),(120,113,1,4,2,2,3,2,0),(121,6,1,2,2,1,3,2,0),(122,114,NULL,NULL,NULL,1,3,2,0),(123,115,1,3,2,1,3,2,0),(124,116,1,2,3,1,3,3,0),(125,117,NULL,NULL,NULL,1,4,2,0),(126,118,NULL,NULL,NULL,1,5,3,0),(127,119,NULL,NULL,NULL,1,3,2,0),(128,120,NULL,NULL,NULL,1,2,2,0),(129,121,1,5,5,1,2,2,0),(130,122,NULL,NULL,NULL,1,3,2,1),(131,123,1,3,3,1,3,3,0),(132,124,1,2,2,1,2,2,0),(133,125,1,5,1,1,2,3,0),(134,126,NULL,NULL,NULL,1,3,3,0),(135,127,1,2,1,1,2,2,0),(136,128,NULL,NULL,NULL,1,3,2,1),(137,129,NULL,NULL,NULL,1,2,2,0),(138,130,1,2,2,2,4,2,0),(139,131,1,3,2,1,3,2,0),(140,132,NULL,NULL,NULL,1,3,6,1),(141,133,1,3,2,1,3,2,0),(142,134,3,3,2,1,2,2,0),(143,135,NULL,NULL,NULL,1,3,2,0),(144,136,1,3,2,1,4,2,0),(145,137,1,3,1,1,3,3,0),(146,138,1,3,6,1,4,6,1),(147,139,1,3,2,1,3,4,1),(148,140,NULL,NULL,NULL,1,3,2,0),(149,141,NULL,NULL,NULL,1,2,2,0),(150,142,NULL,NULL,NULL,1,2,2,0),(151,143,NULL,NULL,NULL,1,3,2,0),(152,68,1,5,2,1,2,2,0),(153,144,1,5,2,1,2,3,0),(154,145,1,3,2,1,3,2,0),(155,146,NULL,NULL,NULL,1,4,2,0),(156,56,1,3,2,1,3,2,0),(157,147,NULL,NULL,NULL,1,2,2,0),(158,148,1,2,2,1,5,2,0),(159,149,1,2,2,1,2,2,0),(160,150,1,3,1,2,3,1,0),(161,151,1,3,2,1,3,2,0),(162,152,1,2,5,1,3,1,0),(163,50,NULL,NULL,NULL,2,5,2,0),(164,153,1,3,1,1,3,1,0),(165,154,1,3,1,1,3,2,0),(166,155,1,3,2,2,3,2,0),(167,156,NULL,NULL,NULL,1,2,2,1),(168,30,1,2,2,1,5,2,0),(169,157,1,3,2,1,3,1,0),(170,158,1,2,2,1,3,2,0),(171,159,NULL,NULL,NULL,1,3,3,1),(172,139,1,3,2,1,3,4,0),(173,160,NULL,NULL,NULL,1,3,2,1),(174,161,NULL,NULL,NULL,1,3,2,0),(175,162,1,3,2,1,3,3,1),(176,163,NULL,NULL,NULL,1,3,4,0),(177,164,NULL,NULL,NULL,1,3,2,1),(178,165,NULL,NULL,NULL,2,3,2,0),(179,166,1,2,2,1,2,2,0),(180,101,1,3,2,1,4,2,0),(181,167,NULL,NULL,NULL,1,3,3,1),(182,168,NULL,NULL,NULL,1,2,3,0),(183,169,NULL,NULL,NULL,1,3,2,0),(184,170,1,3,2,1,4,2,0),(185,171,NULL,NULL,NULL,1,2,2,0),(186,172,1,3,1,1,3,2,0),(187,23,1,2,2,1,4,3,0),(188,53,1,3,2,1,4,2,1),(189,173,NULL,NULL,NULL,1,3,2,0),(190,17,1,2,2,1,3,2,1),(191,86,1,3,1,1,5,2,0),(192,39,1,3,2,2,3,2,0),(193,174,1,2,2,1,2,3,0),(194,175,NULL,NULL,NULL,1,2,1,0),(195,176,1,2,2,2,3,2,0),(196,177,1,3,2,1,2,3,0),(197,131,2,4,2,1,3,2,0),(198,178,NULL,NULL,NULL,1,3,3,1),(199,179,1,4,3,1,3,1,0),(200,100,1,3,4,1,3,2,0),(201,180,1,3,2,1,3,2,0),(202,181,1,2,2,1,3,1,1),(203,182,2,3,2,2,4,2,0),(204,183,1,3,3,1,2,3,1),(205,184,NULL,NULL,NULL,1,2,2,0),(206,185,NULL,NULL,NULL,1,5,2,0),(207,186,1,2,3,1,2,3,0),(208,187,1,3,2,1,2,2,0),(209,188,NULL,NULL,NULL,1,2,2,0),(210,189,1,3,3,1,4,3,1),(211,190,1,5,2,1,5,2,0),(212,191,NULL,NULL,NULL,1,3,6,0),(213,145,1,3,2,2,3,2,0),(214,192,NULL,NULL,NULL,1,3,2,0),(215,193,NULL,NULL,NULL,1,2,2,0),(216,194,NULL,NULL,NULL,2,3,3,0),(217,195,NULL,NULL,NULL,1,3,3,0),(218,67,NULL,NULL,NULL,1,3,3,0),(219,196,NULL,NULL,NULL,1,4,6,1),(220,197,NULL,NULL,NULL,1,3,2,0),(221,198,NULL,NULL,NULL,1,2,2,0),(222,199,1,2,3,1,3,1,0),(223,200,1,2,4,2,2,1,0),(224,201,NULL,NULL,NULL,1,3,2,1),(225,101,1,3,2,2,4,2,0),(226,202,1,3,2,1,4,3,0),(227,162,1,2,2,1,3,3,1),(228,203,NULL,NULL,NULL,1,3,2,0),(229,148,1,2,2,1,2,1,0),(230,17,1,5,2,1,3,2,1),(231,204,NULL,NULL,NULL,1,2,2,0),(232,205,1,2,2,1,2,2,0),(233,206,1,3,1,1,3,2,0),(234,207,1,3,2,1,3,2,0),(235,208,NULL,NULL,NULL,1,2,2,0),(236,209,NULL,NULL,NULL,1,2,2,0),(237,210,NULL,NULL,NULL,1,3,1,0),(238,211,1,3,2,1,2,2,1),(239,212,1,2,2,1,3,2,0),(240,125,1,2,1,1,2,3,0),(241,213,1,2,2,1,3,2,0),(242,214,1,5,2,2,4,3,0),(243,215,NULL,NULL,NULL,1,2,2,0),(244,216,1,5,2,1,5,2,1),(245,152,1,2,2,1,3,1,0),(246,69,NULL,NULL,NULL,2,4,2,1),(247,217,1,2,2,1,3,1,0),(248,218,NULL,NULL,NULL,1,5,2,0),(249,219,1,5,2,2,4,2,0),(250,220,1,2,2,1,3,3,0),(251,221,1,5,2,1,5,2,0),(252,222,1,3,2,1,3,2,1),(253,223,NULL,NULL,NULL,1,3,2,0),(254,224,NULL,NULL,NULL,1,3,2,1),(255,225,1,3,3,1,2,4,0),(256,226,1,3,2,1,3,2,0),(257,227,NULL,NULL,NULL,1,3,2,0),(258,228,1,2,2,1,3,2,1),(259,229,1,2,2,1,2,2,0),(260,230,1,5,2,1,3,2,1),(261,52,1,5,2,1,2,2,0),(262,231,NULL,NULL,NULL,2,2,2,0),(263,232,NULL,NULL,NULL,1,2,1,0),(264,233,1,5,2,1,2,2,1),(265,234,NULL,NULL,NULL,1,4,2,0),(266,235,NULL,NULL,NULL,2,3,2,0),(267,236,1,3,6,2,3,1,0),(268,237,1,2,2,1,3,6,0),(269,238,1,6,2,1,4,2,0),(270,239,NULL,NULL,NULL,1,2,3,0),(271,144,1,5,2,1,2,1,0),(272,240,1,3,2,1,4,2,0),(273,241,NULL,NULL,NULL,1,3,2,0),(274,242,1,2,2,1,2,2,0),(275,243,1,3,3,1,2,3,0),(276,244,1,2,2,1,3,2,0),(277,245,1,3,3,1,4,2,0),(278,246,1,3,2,1,3,2,0),(279,247,1,2,2,1,2,2,0),(280,248,1,5,2,1,5,2,0),(281,249,1,7,2,1,3,2,0),(282,39,1,3,2,2,3,2,1),(283,250,1,3,2,1,2,2,0),(284,251,NULL,NULL,NULL,1,3,3,0),(285,23,1,2,2,1,5,3,0),(286,252,1,3,2,2,3,2,0),(287,176,1,2,2,1,3,2,0),(288,253,NULL,NULL,NULL,1,3,2,0),(289,69,NULL,NULL,NULL,2,4,2,0),(290,254,1,3,2,1,3,2,1),(291,255,1,3,3,1,5,3,0),(292,256,NULL,NULL,NULL,1,3,2,0),(293,257,NULL,NULL,NULL,1,3,2,0),(294,258,1,2,1,1,3,3,0),(295,259,1,3,1,1,3,2,1),(296,260,NULL,NULL,NULL,1,2,2,1),(297,261,1,2,2,1,2,2,1),(298,262,1,4,3,1,3,3,0),(299,263,NULL,NULL,NULL,1,2,2,0),(300,264,1,3,2,1,3,2,0),(301,265,1,3,2,1,2,2,0),(302,266,1,2,4,1,4,4,1),(303,267,1,3,2,1,3,3,0),(304,183,1,2,3,1,2,3,1),(305,268,NULL,NULL,NULL,1,3,2,0),(306,269,NULL,NULL,NULL,1,3,2,0),(307,270,1,2,2,1,2,2,0),(308,271,NULL,NULL,NULL,1,4,2,1),(309,272,NULL,NULL,NULL,1,3,2,0),(310,139,1,3,2,1,7,5,1),(311,273,NULL,NULL,NULL,1,3,2,0),(312,274,NULL,NULL,NULL,1,3,2,0),(313,100,1,2,1,1,3,2,0),(314,17,1,5,2,1,3,2,0),(315,205,1,3,2,1,2,2,0),(316,237,1,3,4,1,3,6,0),(317,275,NULL,NULL,NULL,1,4,2,0),(318,276,1,3,5,1,4,5,0),(319,208,NULL,NULL,NULL,1,5,2,0),(320,277,NULL,NULL,NULL,1,3,2,0),(321,186,1,2,2,1,2,3,0),(322,278,NULL,NULL,NULL,2,4,2,0),(323,279,1,2,2,1,3,2,1),(324,280,NULL,NULL,NULL,1,3,2,0),(325,53,1,3,2,1,4,2,0),(326,281,1,3,2,1,2,2,0),(327,282,1,2,2,1,3,2,1),(328,144,1,5,2,1,2,2,0),(329,283,NULL,NULL,NULL,1,2,2,0),(330,101,1,3,2,2,4,2,1),(331,284,NULL,NULL,NULL,1,2,2,0),(332,285,NULL,NULL,NULL,1,2,2,0),(333,286,NULL,NULL,NULL,1,3,4,0),(334,287,NULL,NULL,NULL,1,2,2,0),(335,288,NULL,NULL,NULL,1,3,3,0),(336,289,NULL,NULL,NULL,1,4,2,0),(337,290,NULL,NULL,NULL,1,3,1,0),(338,291,1,3,3,1,3,1,0),(339,292,1,2,2,1,2,3,1),(340,293,1,3,2,1,3,2,0),(341,294,1,2,2,1,2,2,0),(342,295,NULL,NULL,NULL,1,4,3,1),(343,170,2,3,2,1,4,2,0),(344,231,NULL,NULL,NULL,1,2,2,0),(345,223,NULL,NULL,NULL,1,3,2,1),(346,164,NULL,NULL,NULL,1,3,2,0),(347,296,NULL,NULL,NULL,1,3,2,0),(348,297,NULL,NULL,NULL,1,2,3,0),(349,199,1,2,3,1,3,2,0),(350,211,1,2,2,1,2,2,1),(351,298,NULL,NULL,NULL,2,3,3,0),(352,299,NULL,NULL,NULL,1,3,3,0),(353,300,1,3,2,1,3,2,0),(354,301,NULL,NULL,NULL,1,3,1,0),(355,214,1,5,2,1,2,2,0),(356,302,NULL,NULL,NULL,1,2,2,0),(357,13,NULL,NULL,NULL,1,5,1,0),(358,3,1,5,5,1,3,2,0),(359,303,NULL,NULL,NULL,1,2,2,0),(360,37,NULL,NULL,NULL,1,3,2,0),(361,304,NULL,NULL,NULL,1,4,1,0),(362,305,NULL,NULL,NULL,1,3,2,0),(363,306,NULL,NULL,NULL,1,3,2,0),(364,307,1,5,2,2,2,3,0),(365,67,NULL,NULL,NULL,1,2,1,1),(366,217,1,2,5,1,3,1,0),(367,8,1,3,2,1,4,2,0),(368,308,NULL,NULL,NULL,1,3,2,0),(369,309,NULL,NULL,NULL,1,3,2,0),(370,310,1,3,3,1,3,3,0),(371,311,1,2,2,1,2,2,0),(372,312,1,3,2,1,3,2,0),(373,313,1,3,2,1,2,2,0),(374,69,NULL,NULL,NULL,1,2,2,0),(375,314,NULL,NULL,NULL,1,2,2,0),(376,315,1,5,2,2,4,4,0),(377,316,1,3,2,1,3,2,0),(378,39,1,3,2,1,3,2,0),(379,317,NULL,NULL,NULL,1,3,2,0),(380,318,1,2,2,1,2,3,1),(381,274,NULL,NULL,NULL,1,5,2,0),(382,319,NULL,NULL,NULL,1,3,2,1),(383,320,NULL,NULL,NULL,1,3,2,0),(384,100,1,2,2,1,3,2,0),(385,321,1,2,2,1,2,2,0),(386,281,1,2,2,1,2,2,0),(387,322,1,3,2,1,2,1,0),(388,323,1,2,2,1,3,1,1),(389,324,1,3,2,1,3,2,0),(390,325,NULL,NULL,NULL,1,3,2,0),(391,326,1,3,2,1,3,2,1),(392,327,1,2,2,1,3,5,0),(393,311,1,2,2,1,2,4,0),(394,328,NULL,NULL,NULL,1,2,2,0),(395,329,NULL,NULL,NULL,1,3,2,0),(396,330,1,3,2,1,3,2,0),(397,331,1,3,2,1,3,2,0),(398,332,NULL,NULL,NULL,1,4,2,0),(399,333,NULL,NULL,NULL,1,2,2,0),(400,334,1,2,2,1,2,2,0),(401,335,NULL,NULL,NULL,1,3,2,0),(402,336,NULL,NULL,NULL,1,2,2,0),(403,337,NULL,NULL,NULL,1,3,1,0),(404,338,1,3,3,1,2,2,0),(405,339,NULL,NULL,NULL,1,3,2,1),(406,23,3,7,5,1,4,3,0),(407,53,1,3,2,1,3,2,1),(408,69,NULL,NULL,NULL,2,2,2,1),(409,54,NULL,NULL,NULL,1,2,1,0),(410,340,NULL,NULL,NULL,1,2,2,0),(411,341,NULL,NULL,NULL,1,3,3,0),(412,139,1,3,2,1,7,5,0),(413,342,NULL,NULL,NULL,1,2,3,0),(414,343,NULL,NULL,NULL,1,2,2,0),(415,344,1,4,2,1,4,2,0),(416,345,1,3,3,1,3,1,0),(417,346,1,3,2,1,3,2,1),(418,243,1,3,3,1,3,3,0),(419,347,1,2,2,1,2,2,1),(420,348,1,3,2,1,3,2,1),(421,73,1,2,3,1,5,2,0),(422,349,1,4,3,1,3,3,1),(423,350,NULL,NULL,NULL,1,3,2,0),(424,351,NULL,NULL,NULL,1,3,2,1),(425,74,NULL,NULL,NULL,1,2,2,0),(426,352,NULL,NULL,NULL,1,3,2,0),(427,353,NULL,NULL,NULL,1,4,2,0),(428,354,1,5,2,1,5,2,0),(429,355,1,3,6,1,3,6,0),(430,356,1,2,2,1,2,2,0),(431,357,1,3,3,1,3,4,0),(432,233,1,2,2,1,2,2,1),(433,358,NULL,NULL,NULL,1,2,2,0),(434,359,1,2,2,1,5,3,0),(435,84,1,3,3,1,5,2,0),(436,69,NULL,NULL,NULL,1,2,2,1),(437,17,1,3,2,1,3,2,0),(438,314,NULL,NULL,NULL,1,3,2,0),(439,360,NULL,NULL,NULL,1,3,2,0),(440,292,1,2,1,1,2,3,1),(441,361,NULL,NULL,NULL,1,3,1,0),(442,362,1,2,2,1,2,2,0);
/*!40000 ALTER TABLE `perp_and_vict` ENABLE KEYS */;
UNLOCK TABLES;

--
-- Table structure for table `race`
--

DROP TABLE IF EXISTS `race`;
/*!40101 SET @saved_cs_client     = @@character_set_client */;
/*!40101 SET character_set_client = utf8 */;
CREATE TABLE `race` (
  `id` int NOT NULL AUTO_INCREMENT,
  `race` varchar(255) DEFAULT NULL,
  PRIMARY KEY (`id`)
) ENGINE=InnoDB AUTO_INCREMENT=7 DEFAULT CHARSET=utf8mb4 COLLATE=utf8mb4_0900_ai_ci;
/*!40101 SET character_set_client = @saved_cs_client */;

--
-- Dumping data for table `race`
--

LOCK TABLES `race` WRITE;
/*!40000 ALTER TABLE `race` DISABLE KEYS */;
INSERT INTO `race` VALUES (1,'BLACK HISPANIC'),(2,'BLACK'),(3,'WHITE HISPANIC'),(4,'WHITE'),(5,'UNKNOWN'),(6,'ASIAN / PACIFIC ISLANDER');
/*!40000 ALTER TABLE `race` ENABLE KEYS */;
UNLOCK TABLES;

--
-- Table structure for table `sex`
--

DROP TABLE IF EXISTS `sex`;
/*!40101 SET @saved_cs_client     = @@character_set_client */;
/*!40101 SET character_set_client = utf8 */;
CREATE TABLE `sex` (
  `id` int NOT NULL AUTO_INCREMENT,
  `sex` varchar(255) DEFAULT NULL,
  PRIMARY KEY (`id`)
) ENGINE=InnoDB AUTO_INCREMENT=4 DEFAULT CHARSET=utf8mb4 COLLATE=utf8mb4_0900_ai_ci;
/*!40101 SET character_set_client = @saved_cs_client */;

--
-- Dumping data for table `sex`
--

LOCK TABLES `sex` WRITE;
/*!40000 ALTER TABLE `sex` DISABLE KEYS */;
INSERT INTO `sex` VALUES (1,'M'),(2,'F'),(3,'U');
/*!40000 ALTER TABLE `sex` ENABLE KEYS */;
UNLOCK TABLES;

--
-- Table structure for table `unique_shooting`
--

DROP TABLE IF EXISTS `unique_shooting`;
/*!40101 SET @saved_cs_client     = @@character_set_client */;
/*!40101 SET character_set_client = utf8 */;
CREATE TABLE `unique_shooting` (
  `id` int NOT NULL AUTO_INCREMENT,
  `incident_key` int DEFAULT NULL,
  `borough_id` int DEFAULT NULL,
  `location_id` int DEFAULT NULL,
  `precinct` int DEFAULT NULL,
  `latitude` float DEFAULT NULL,
  `longitude` float DEFAULT NULL,
  `occur_time` datetime DEFAULT NULL,
  PRIMARY KEY (`id`),
  KEY `unique_shooting_borough_id_fk` (`borough_id`),
  KEY `unique_shooting_location_id_fk` (`location_id`),
  CONSTRAINT `unique_shooting_borough_id_fk` FOREIGN KEY (`borough_id`) REFERENCES `borough` (`id`) ON DELETE CASCADE,
  CONSTRAINT `unique_shooting_location_id_fk` FOREIGN KEY (`location_id`) REFERENCES `location` (`id`) ON DELETE CASCADE
) ENGINE=InnoDB AUTO_INCREMENT=512 DEFAULT CHARSET=utf8mb4 COLLATE=utf8mb4_0900_ai_ci;
/*!40101 SET character_set_client = @saved_cs_client */;

--
-- Dumping data for table `unique_shooting`
--

LOCK TABLES `unique_shooting` WRITE;
/*!40000 ALTER TABLE `unique_shooting` DISABLE KEYS */;
INSERT INTO `unique_shooting` VALUES (1,193118596,1,NULL,23,40.7919,-73.9455,'2019-02-02 19:40:00'),(2,198255460,2,NULL,73,40.6798,-73.9084,'2019-06-07 17:50:00'),(3,194570529,2,NULL,81,40.6876,-73.9389,'2019-03-11 16:30:00'),(4,193694863,3,1,114,40.7563,-73.945,'2019-02-17 03:00:00'),(5,197997726,4,2,46,40.8607,-73.895,'2019-06-03 23:05:00'),(6,197953462,3,NULL,101,40.6033,-73.7531,'2019-06-01 14:14:00'),(7,196542452,2,2,67,40.6539,-73.9545,'2019-04-27 23:54:00'),(8,196276903,3,NULL,113,40.6895,-73.7498,'2019-04-19 00:12:00'),(9,191709964,2,1,75,40.6657,-73.8662,'2019-01-01 04:26:00'),(10,193418293,4,1,49,40.8627,-73.866,'2019-02-09 19:00:00'),(11,198107751,3,3,105,40.6766,-73.7506,'2019-06-05 23:38:00'),(12,198858230,2,NULL,61,40.594,-73.9609,'2019-06-23 12:02:00'),(13,195102368,4,1,48,40.8426,-73.8937,'2019-03-22 22:25:00'),(14,193939359,4,1,44,40.8302,-73.9118,'2019-02-24 23:20:00'),(15,196000890,4,NULL,52,40.8594,-73.9068,'2019-04-14 03:03:00'),(16,197381376,3,NULL,103,40.6966,-73.7834,'2019-05-19 18:37:00'),(17,197662446,2,NULL,75,40.6665,-73.8878,'2019-05-26 20:08:00'),(18,191851038,5,NULL,121,40.6247,-74.1628,'2019-01-03 23:00:00'),(19,194085121,1,1,34,40.8618,-73.9241,'2019-02-27 18:22:00'),(20,196414299,2,NULL,71,40.6623,-73.9387,'2019-04-24 14:58:00'),(21,198350536,2,NULL,75,40.669,-73.8704,'2019-06-11 21:41:00'),(22,199134406,2,3,69,40.6337,-73.8944,'2019-06-29 05:48:00'),(23,197254458,4,NULL,46,40.8554,-73.9047,'2019-05-15 19:08:00'),(24,195743583,2,4,75,40.6775,-73.899,'2019-04-08 16:00:00'),(25,191951586,2,1,60,40.5746,-73.992,'2019-01-06 23:36:00'),(26,198457970,1,1,23,40.7895,-73.9506,'2019-06-13 16:10:00'),(27,198405080,5,NULL,121,40.6359,-74.1668,'2019-06-12 19:27:00'),(28,192974876,1,NULL,34,40.8531,-73.9291,'2019-01-30 22:54:00'),(29,194626069,2,1,73,40.6757,-73.9215,'2019-03-12 08:21:00'),(30,197953467,4,NULL,41,40.8144,-73.8879,'2019-06-01 22:12:00'),(31,194817578,3,NULL,113,40.6943,-73.7756,'2019-03-16 13:30:00'),(32,195145308,4,NULL,40,40.808,-73.9111,'2019-03-25 16:08:00'),(33,198858227,1,NULL,30,40.8255,-73.9513,'2019-06-23 00:30:00'),(34,195396618,2,NULL,79,40.6798,-73.9394,'2019-03-31 07:29:00'),(35,192545750,4,NULL,43,40.8261,-73.8781,'2019-01-19 14:36:00'),(36,198948495,3,NULL,109,40.7645,-73.8247,'2019-06-25 01:20:00'),(37,192258908,3,NULL,113,40.6974,-73.7588,'2019-01-13 22:11:00'),(38,197525242,4,NULL,42,40.8385,-73.8995,'2019-05-22 21:32:00'),(39,197660693,1,1,23,40.7867,-73.9411,'2019-05-26 05:21:00'),(40,197691092,2,NULL,79,40.6792,-73.9422,'2019-05-27 20:50:00'),(41,199134403,2,NULL,83,40.6958,-73.9294,'2019-06-29 18:39:00'),(42,192545746,4,NULL,40,40.8129,-73.9181,'2019-01-18 18:32:00'),(43,192259533,2,NULL,70,40.6454,-73.9574,'2019-01-13 06:00:00'),(44,196820305,4,NULL,48,40.8537,-73.8827,'2019-05-04 01:45:00'),(45,198552995,2,NULL,73,40.6662,-73.9225,'2019-06-14 15:57:00'),(46,192876037,1,NULL,34,40.8656,-73.9181,'2019-01-28 03:14:00'),(47,191951589,5,NULL,120,40.6368,-74.1187,'2019-01-05 00:42:00'),(48,195396617,2,NULL,77,40.6737,-73.9474,'2019-03-30 23:30:00'),(49,198255467,5,NULL,120,40.6375,-74.1176,'2019-06-08 22:44:00'),(50,193939355,2,NULL,73,40.67,-73.9089,'2019-02-24 00:10:00'),(51,194269158,2,1,81,40.6805,-73.9256,'2019-03-04 22:22:00'),(52,197953471,2,NULL,77,40.6737,-73.9569,'2019-06-01 13:45:00'),(53,198171739,4,1,49,40.8694,-73.8504,'2019-06-07 00:15:00'),(54,195699915,3,NULL,110,40.7353,-73.8755,'2019-04-07 05:15:00'),(55,194859638,1,2,28,40.8034,-73.958,'2019-03-18 21:33:00'),(56,195553175,4,NULL,42,40.83,-73.9029,'2019-04-03 14:00:00'),(57,192159800,2,1,69,40.6512,-73.8969,'2019-01-11 01:30:00'),(58,198948498,3,3,108,40.7494,-73.9098,'2019-06-25 16:48:00'),(59,192834299,3,NULL,106,40.67,-73.823,'2019-01-25 01:55:00'),(60,193509769,4,NULL,41,40.8228,-73.9003,'2019-02-12 11:00:00'),(61,197423567,3,NULL,108,40.7463,-73.948,'2019-05-20 04:30:00'),(62,198948494,4,NULL,48,40.8573,-73.8924,'2019-06-25 00:01:00'),(63,197700945,2,NULL,75,40.6632,-73.8798,'2019-05-28 04:15:00'),(64,194817577,2,NULL,75,40.6746,-73.8819,'2019-03-17 03:38:00'),(65,196193414,2,NULL,88,40.6935,-73.9792,'2019-04-18 18:05:00'),(66,197525797,1,1,28,40.7985,-73.9492,'2019-05-22 22:19:00'),(67,192978312,1,NULL,33,40.8341,-73.9429,'2019-01-31 00:15:00'),(68,197691090,2,NULL,67,40.642,-73.9496,'2019-05-27 18:00:00'),(69,193267668,2,NULL,81,40.6792,-73.928,'2019-02-06 22:26:00'),(70,197106407,4,5,47,40.8848,-73.8537,'2019-05-11 01:34:00'),(71,192259537,2,NULL,79,40.6785,-73.9386,'2019-01-12 05:24:00'),(72,196000889,1,1,9,40.7234,-73.9763,'2019-04-14 03:35:00'),(73,195013387,4,1,40,40.8143,-73.9236,'2019-03-21 18:20:00'),(74,195396612,3,NULL,113,40.68,-73.7762,'2019-03-30 00:50:00'),(75,198266990,1,NULL,30,40.8259,-73.9471,'2019-06-10 02:21:00'),(76,195978521,3,NULL,103,40.6958,-73.7907,'2019-04-13 06:04:00'),(77,196678735,2,NULL,75,40.6754,-73.8855,'2019-05-02 00:23:00'),(78,193938809,2,2,70,40.6365,-73.9515,'2019-02-22 17:44:00'),(79,196276908,3,NULL,105,40.6946,-73.7384,'2019-04-19 17:43:00'),(80,194085122,1,1,23,40.7971,-73.946,'2019-02-28 02:18:00'),(81,198052647,2,1,90,40.7037,-73.9381,'2019-06-04 19:56:00'),(82,204054325,4,NULL,52,40.8801,-73.8859,'2019-04-21 05:25:00'),(83,193417904,4,NULL,40,40.8182,-73.9062,'2019-02-08 17:00:00'),(84,198107752,4,1,40,40.8055,-73.9165,'2019-06-05 12:20:00'),(85,194817572,1,1,32,40.812,-73.9476,'2019-03-16 00:50:00'),(86,198760073,2,NULL,77,40.6703,-73.9338,'2019-06-20 19:02:00'),(87,197381381,1,NULL,28,40.8073,-73.9542,'2019-05-18 18:40:00'),(88,193026088,3,NULL,105,40.6599,-73.755,'2019-01-31 18:45:00'),(89,196043547,3,NULL,113,40.689,-73.7858,'2019-04-15 08:34:00'),(90,197573448,2,NULL,75,40.6664,-73.8749,'2019-05-23 20:39:00'),(91,194525843,1,NULL,13,40.7416,-73.9782,'2019-03-10 05:38:00'),(92,198705943,1,1,5,40.7108,-74.0006,'2019-06-19 10:40:00'),(93,193418294,1,NULL,23,40.7973,-73.9489,'2019-02-09 02:00:00'),(94,194525844,4,2,41,40.8156,-73.8969,'2019-03-09 01:10:00'),(95,198858232,4,NULL,43,40.8345,-73.8718,'2019-06-23 23:08:00'),(96,193939360,4,1,43,40.8179,-73.8478,'2019-02-23 06:29:00'),(97,196364280,4,1,42,40.837,-73.9037,'2019-04-23 22:53:00'),(98,199061351,2,NULL,83,40.7005,-73.9294,'2019-06-28 00:26:00'),(99,191739125,2,1,88,40.6951,-73.9751,'2019-01-01 05:40:00'),(100,197200331,1,NULL,34,40.863,-73.9243,'2019-05-14 19:45:00'),(101,193160952,2,NULL,60,40.5792,-74.0004,'2019-02-04 11:41:00'),(102,195799803,2,1,60,40.5738,-73.9929,'2019-04-09 12:25:00'),(103,197662445,2,NULL,71,40.6654,-73.9342,'2019-05-26 21:22:00'),(104,197573447,1,NULL,34,40.8598,-73.9296,'2019-05-23 19:16:00'),(105,196195746,1,NULL,34,40.8548,-73.9335,'2019-04-18 16:25:00'),(106,191853461,2,2,60,40.5738,-73.9929,'2019-01-04 02:20:00'),(107,196525187,4,2,48,40.8451,-73.8926,'2019-04-27 11:36:00'),(108,198404597,2,6,77,40.6752,-73.9417,'2019-06-12 19:37:00'),(109,193982311,3,NULL,112,40.7353,-73.8482,'2019-02-25 11:00:00'),(110,197293450,2,NULL,79,40.694,-73.9417,'2019-05-16 20:15:00'),(111,195743582,2,7,71,40.6593,-73.9341,'2019-04-08 04:25:00'),(112,198405076,4,1,49,40.8619,-73.8577,'2019-06-12 08:09:00'),(113,193732895,4,NULL,47,40.891,-73.8387,'2019-02-18 18:16:00'),(114,197660694,1,NULL,7,40.7163,-73.9841,'2019-05-25 00:12:00'),(115,197016009,2,NULL,75,40.6692,-73.8967,'2019-05-09 09:23:00'),(116,198052648,4,NULL,52,40.8618,-73.903,'2019-06-04 19:58:00'),(117,192259536,1,NULL,32,40.8134,-73.9413,'2019-01-13 19:55:00'),(118,192545747,1,NULL,23,40.7965,-73.9474,'2019-01-19 19:30:00'),(119,194965392,3,NULL,105,40.6832,-73.7457,'2019-03-20 21:36:00'),(120,198595257,4,NULL,43,40.8315,-73.8572,'2019-06-17 17:34:00'),(121,197655792,2,NULL,70,40.6508,-73.9588,'2019-05-24 16:11:00'),(122,193160951,2,1,79,40.6879,-73.9494,'2019-02-04 13:40:00'),(123,199046249,3,NULL,101,40.6037,-73.7491,'2019-06-27 21:02:00'),(124,195699912,4,NULL,40,40.8205,-73.9213,'2019-04-06 20:20:00'),(125,198858229,4,NULL,46,40.855,-73.9016,'2019-06-23 02:15:00'),(126,199134397,3,NULL,101,40.6012,-73.7567,'2019-06-30 21:35:00'),(127,197381375,4,NULL,44,40.8371,-73.9137,'2019-05-17 23:59:00'),(128,192258906,2,1,77,40.6756,-73.9267,'2019-01-13 13:35:00'),(129,194527595,4,NULL,42,40.8286,-73.9044,'2019-03-09 09:20:00'),(130,195013388,2,1,88,40.6958,-73.9782,'2019-03-21 21:25:00'),(131,192301917,2,3,75,40.6714,-73.8862,'2019-01-14 11:55:00'),(132,193466266,3,NULL,109,40.7517,-73.8339,'2019-02-12 02:34:00'),(133,196193415,2,NULL,75,40.6707,-73.8756,'2019-04-18 23:24:00'),(134,196630584,1,1,25,40.8108,-73.9351,'2019-04-30 18:29:00'),(135,195699916,2,NULL,67,40.6642,-73.9264,'2019-04-07 09:53:00'),(136,198255457,2,3,75,40.6693,-73.8694,'2019-06-07 10:30:00'),(137,193118592,1,NULL,25,40.7986,-73.9437,'2019-02-01 19:57:00'),(138,199134402,2,2,72,40.6412,-74.0054,'2019-06-28 12:34:00'),(139,193517125,3,NULL,102,40.6943,-73.827,'2019-02-12 18:10:00'),(140,197706725,3,1,107,40.7358,-73.8106,'2019-05-27 23:00:00'),(141,197700944,2,NULL,69,40.6327,-73.8914,'2019-05-28 01:20:00'),(142,197423972,4,2,45,40.8781,-73.826,'2019-05-20 18:30:00'),(143,196095818,3,NULL,105,40.7182,-73.7361,'2019-04-16 19:45:00'),(144,194859637,1,1,23,40.7949,-73.9408,'2019-03-18 20:08:00'),(145,198857666,4,1,44,40.8234,-73.9183,'2019-06-22 22:30:00'),(146,191949902,4,NULL,43,40.8312,-73.8509,'2019-01-05 01:50:00'),(147,198552994,1,NULL,32,40.8096,-73.942,'2019-06-15 01:25:00'),(148,192876454,4,6,43,40.821,-73.858,'2019-01-28 20:36:00'),(149,198159775,2,NULL,70,40.6351,-73.9479,'2019-06-06 17:30:00'),(150,195102367,4,1,47,40.8868,-73.8469,'2019-03-23 15:50:00'),(151,194626068,2,NULL,73,40.67,-73.9084,'2019-03-12 01:00:00'),(152,198948497,4,NULL,42,40.8347,-73.8943,'2019-06-25 02:55:00'),(153,197706724,4,1,40,40.8065,-73.9189,'2019-05-28 03:10:00'),(154,196820303,1,NULL,28,40.8007,-73.9525,'2019-05-03 14:24:00'),(155,194232503,4,NULL,45,40.8662,-73.823,'2019-03-04 00:40:00'),(156,196095819,2,1,77,40.6705,-73.9296,'2019-04-16 17:12:00'),(157,193226256,2,1,90,40.7057,-73.9395,'2019-02-06 04:52:00'),(158,195699913,4,2,47,40.8848,-73.8435,'2019-04-07 03:15:00'),(159,195978522,3,NULL,110,40.7499,-73.8627,'2019-04-13 01:50:00'),(160,198595258,2,1,81,40.6927,-73.937,'2019-06-17 14:47:00'),(161,195102370,2,3,63,40.6219,-73.919,'2019-03-24 00:10:00'),(162,191951588,4,1,43,40.8215,-73.8662,'2019-01-06 03:00:00'),(163,194378288,2,2,62,40.5993,-73.9917,'2019-03-06 20:29:00'),(164,192545749,3,NULL,109,40.7711,-73.8345,'2019-01-19 04:00:00'),(165,198255466,1,1,25,40.8028,-73.9396,'2019-06-09 02:25:00'),(166,194525845,2,1,79,40.6958,-73.9493,'2019-03-10 22:30:00'),(167,194324356,2,NULL,79,40.6884,-73.9549,'2019-03-05 23:24:00'),(168,197953470,4,NULL,41,40.8125,-73.9028,'2019-06-02 01:56:00'),(169,196276907,4,NULL,40,40.8172,-73.9066,'2019-04-20 01:22:00'),(170,193779318,2,6,81,40.6772,-73.9248,'2019-02-19 22:27:00'),(171,196364281,4,1,47,40.8827,-73.8332,'2019-04-23 22:54:00'),(172,191739126,4,2,46,40.8563,-73.8958,'2019-01-01 02:19:00'),(173,195744020,2,6,79,40.6866,-73.9508,'2019-04-08 21:35:00'),(174,198858233,4,NULL,50,40.8771,-73.9061,'2019-06-23 20:35:00'),(175,199046250,4,NULL,52,40.8592,-73.9094,'2019-06-27 01:00:00'),(176,199134398,2,2,73,40.6711,-73.9136,'2019-06-28 17:35:00'),(177,195102364,2,1,79,40.6975,-73.9467,'2019-03-23 05:44:00'),(178,192440376,2,1,79,40.689,-73.9586,'2019-01-17 13:20:00'),(179,194817573,2,NULL,75,40.6641,-73.8987,'2019-03-15 10:19:00'),(180,192699974,4,NULL,47,40.8788,-73.8639,'2019-01-24 00:42:00'),(181,195013384,4,NULL,44,40.8345,-73.9177,'2019-03-21 03:20:00'),(182,197381380,1,NULL,32,40.8179,-73.9399,'2019-05-18 09:53:00'),(183,193118591,3,NULL,115,40.7484,-73.8765,'2019-02-03 12:43:00'),(184,195396614,2,NULL,71,40.6578,-73.9518,'2019-03-31 21:16:00'),(185,197654798,2,NULL,67,40.6523,-73.9275,'2019-05-24 20:29:00'),(186,191997175,4,NULL,42,40.8295,-73.9066,'2019-01-08 00:32:00'),(187,194817574,3,NULL,112,40.7187,-73.8377,'2019-03-15 11:50:00'),(188,198255470,4,NULL,42,40.8359,-73.8865,'2019-06-09 22:20:00'),(189,195254733,1,NULL,34,40.8517,-73.932,'2019-03-27 13:43:00'),(190,198998743,2,NULL,81,40.6807,-73.9271,'2019-06-26 20:45:00'),(191,195604251,3,NULL,105,40.7157,-73.7355,'2019-04-04 21:10:00'),(192,192258907,2,NULL,79,40.6796,-73.9496,'2019-01-13 04:00:00'),(193,192582052,4,NULL,47,40.8713,-73.8585,'2019-01-21 21:30:00'),(194,197423973,5,NULL,121,40.6304,-74.143,'2019-05-03 17:08:00'),(195,197534776,4,2,40,40.8133,-73.9147,'2019-05-23 01:35:00'),(196,194032274,3,3,103,40.7028,-73.787,'2019-02-26 17:46:00'),(197,197381382,2,NULL,67,40.6557,-73.9155,'2019-05-19 04:17:00'),(198,195743585,2,NULL,77,40.6735,-73.9349,'2019-04-08 19:40:00'),(199,197016008,1,8,1,40.7283,-74.0054,'2019-05-09 01:32:00'),(200,192259535,3,3,109,40.7594,-73.8032,'2019-01-12 05:47:00'),(201,198900605,1,6,32,40.8158,-73.9398,'2019-06-24 18:55:00'),(202,198595255,2,NULL,73,40.6783,-73.9089,'2019-06-17 23:21:00'),(203,198405077,2,NULL,77,40.6816,-73.9671,'2019-06-12 02:14:00'),(204,194626071,2,NULL,77,40.6708,-73.9351,'2019-03-12 23:34:00'),(205,192834302,3,NULL,113,40.6833,-73.7799,'2019-01-27 10:44:00'),(206,197953463,2,NULL,79,40.6803,-73.9384,'2019-05-31 15:55:00'),(207,196276904,2,1,84,40.7014,-73.9838,'2019-04-20 01:19:00'),(208,195396615,2,6,70,40.6549,-73.9617,'2019-03-30 21:30:00'),(209,198052649,2,1,88,40.6951,-73.9792,'2019-06-04 22:50:00'),(210,193418290,1,NULL,34,40.8699,-73.9159,'2019-02-10 04:40:00'),(211,194915415,2,NULL,75,40.6657,-73.8808,'2019-03-19 17:21:00'),(212,195440618,4,1,42,40.8231,-73.9045,'2019-04-01 22:21:00'),(213,195102369,3,NULL,101,40.5959,-73.7819,'2019-03-23 20:47:00'),(214,193939358,3,NULL,101,40.5998,-73.7602,'2019-02-22 15:30:00'),(215,196000892,4,NULL,52,40.8597,-73.9043,'2019-04-14 14:03:00'),(216,197381374,1,1,32,40.813,-73.9463,'2019-05-17 21:36:00'),(217,198295765,2,NULL,83,40.6943,-73.9185,'2019-06-10 00:55:00'),(218,196193416,2,NULL,75,40.6755,-73.8807,'2019-04-18 19:50:00'),(219,198255458,1,1,23,40.7907,-73.9506,'2019-06-07 17:08:00'),(220,193214568,3,NULL,101,40.6067,-73.7561,'2019-02-05 12:03:00'),(221,191949899,2,NULL,61,40.5984,-73.941,'2019-01-04 15:49:00'),(222,196375777,1,NULL,28,40.8033,-73.9466,'2019-04-24 01:44:00'),(223,197691091,2,NULL,75,40.6656,-73.8666,'2019-05-27 18:53:00'),(224,192545748,1,1,32,40.8212,-73.9431,'2019-01-19 00:43:00'),(225,199134401,2,NULL,70,40.6256,-73.9576,'2019-06-29 06:00:00'),(226,193602933,1,NULL,33,40.8344,-73.9409,'2019-02-14 22:38:00'),(227,197660695,2,NULL,75,40.6652,-73.8908,'2019-05-25 23:58:00'),(228,197293451,2,NULL,77,40.675,-73.9458,'2019-05-16 19:26:00'),(229,195854214,4,NULL,48,40.8541,-73.8888,'2019-04-10 18:05:00'),(230,198552502,1,NULL,32,40.8137,-73.945,'2019-06-15 04:14:00'),(231,198255461,2,1,79,40.6883,-73.9454,'2019-06-07 22:25:00'),(232,193733167,4,NULL,40,40.8214,-73.9144,'2019-02-18 23:49:00'),(233,197692916,4,NULL,42,40.8352,-73.8946,'2019-05-27 23:32:00'),(234,194570530,2,NULL,81,40.6821,-73.9212,'2019-03-11 21:05:00'),(235,196000887,1,8,32,40.8282,-73.938,'2019-04-13 00:01:00'),(236,193462348,2,3,75,40.6749,-73.8708,'2019-02-11 23:16:00'),(237,193118593,3,6,113,40.6896,-73.7964,'2019-02-02 00:45:00'),(238,196315234,2,2,81,40.681,-73.9182,'2019-04-22 17:20:00'),(239,196582021,2,2,90,40.712,-73.9565,'2019-04-30 00:13:00'),(240,195700547,2,1,88,40.6954,-73.9794,'2019-04-06 12:58:00'),(241,193939354,1,NULL,32,40.814,-73.9367,'2019-02-23 00:27:00'),(242,197801426,2,NULL,60,40.588,-73.9836,'2019-05-29 10:15:00'),(243,194525841,3,NULL,109,40.7681,-73.8252,'2019-03-09 15:40:00'),(244,198760074,2,NULL,63,40.6235,-73.9385,'2019-06-20 17:43:00'),(245,197381379,1,1,7,40.7122,-73.9868,'2019-05-19 02:30:00'),(246,196095817,3,NULL,106,40.6705,-73.8045,'2019-04-16 20:20:00'),(247,198653292,2,1,73,40.6665,-73.9041,'2019-06-18 10:50:00'),(248,197660700,2,NULL,67,40.6499,-73.92,'2019-05-26 18:44:00'),(249,194525846,1,NULL,25,40.8003,-73.9414,'2019-03-09 02:41:00'),(250,196145427,1,1,7,40.7129,-73.9808,'2019-04-17 16:34:00'),(251,191790873,2,1,79,40.6982,-73.9445,'2019-01-02 13:34:00'),(252,199134405,1,1,10,40.7435,-74.0054,'2019-06-30 04:24:00'),(253,196315235,3,1,114,40.7563,-73.945,'2019-04-22 17:01:00'),(254,195102365,2,NULL,77,40.679,-73.964,'2019-03-22 22:05:00'),(255,192455949,4,NULL,46,40.8533,-73.8997,'2019-01-17 13:18:00'),(256,199046251,4,NULL,46,40.8521,-73.9224,'2019-06-27 00:15:00'),(257,195013385,2,2,75,40.6608,-73.8783,'2019-03-21 04:07:00'),(258,198255469,4,NULL,52,40.8637,-73.9057,'2019-06-09 20:01:00'),(259,196730309,4,2,42,40.8311,-73.8904,'2019-05-02 14:35:00'),(260,195854769,2,NULL,67,40.6378,-73.9424,'2019-04-10 16:11:00'),(261,193939357,2,NULL,67,40.6507,-73.9126,'2019-02-22 17:03:00'),(262,197953469,2,9,75,40.6692,-73.8967,'2019-06-01 23:11:00'),(263,194226977,3,NULL,113,40.6705,-73.7933,'2019-03-02 04:20:00'),(264,198159773,2,1,79,40.6882,-73.9469,'2019-06-06 00:56:00'),(265,195699914,1,8,32,40.8144,-73.9365,'2019-04-07 01:45:00'),(266,194677549,5,NULL,122,40.5916,-74.1091,'2019-03-13 21:17:00'),(267,192834301,2,1,90,40.7016,-73.938,'2019-01-25 23:58:00'),(268,197654797,4,NULL,49,40.8705,-73.8463,'2019-05-24 00:23:00'),(269,192049864,2,NULL,73,40.6684,-73.9201,'2019-01-08 11:03:00'),(270,197381383,2,NULL,75,40.6489,-73.8849,'2019-05-18 20:13:00'),(271,194817575,2,1,79,40.6985,-73.9498,'2019-03-16 09:24:00'),(272,198900606,4,NULL,41,40.8171,-73.892,'2019-06-24 02:49:00'),(273,197700947,1,NULL,32,40.8204,-73.9362,'2019-05-28 02:42:00'),(274,198858231,4,NULL,44,40.83,-73.914,'2019-06-23 16:00:00'),(275,195700548,3,NULL,105,40.6634,-73.7408,'2019-04-07 15:27:00'),(276,195303946,3,NULL,108,40.7474,-73.9255,'2019-03-28 07:45:00'),(277,197850586,2,NULL,67,40.6515,-73.9245,'2019-05-30 04:33:00'),(278,198255465,2,2,79,40.6831,-73.9583,'2019-06-08 02:55:00'),(279,194324355,3,NULL,105,40.665,-73.765,'2019-03-05 22:30:00'),(280,197953466,4,1,42,40.8358,-73.9044,'2019-06-01 21:25:00'),(281,192301916,2,NULL,75,40.6677,-73.8796,'2019-01-14 17:10:00'),(282,197953464,2,NULL,73,40.6823,-73.913,'2019-06-01 04:47:00'),(283,191951587,3,1,114,40.7594,-73.9336,'2019-01-05 16:00:00'),(284,195203576,2,NULL,77,40.6811,-73.9645,'2019-03-26 02:25:00'),(285,198457971,2,1,88,40.6947,-73.9744,'2019-06-13 15:06:00'),(286,197662447,2,NULL,75,40.686,-73.8738,'2019-05-26 21:01:00'),(287,194626070,2,NULL,75,40.6667,-73.8741,'2019-03-12 22:20:00'),(288,192545751,4,NULL,41,40.8204,-73.8933,'2019-01-20 15:10:00'),(289,196582020,4,NULL,44,40.8408,-73.9232,'2019-04-29 01:36:00'),(290,196195743,1,1,7,40.7177,-73.9828,'2019-04-18 21:54:00'),(291,193694861,4,NULL,52,40.8715,-73.8887,'2019-02-16 22:30:00'),(292,198255459,1,NULL,33,40.839,-73.9385,'2019-06-08 05:05:00'),(293,193418291,4,NULL,42,40.8286,-73.9044,'2019-02-10 10:52:00'),(294,195743584,5,NULL,120,40.634,-74.1236,'2019-04-08 20:35:00'),(295,196000891,1,6,30,40.8195,-73.9536,'2019-04-14 18:35:00'),(296,197660697,3,1,100,40.5899,-73.8081,'2019-05-25 23:40:00'),(297,192259534,4,2,46,40.8465,-73.9093,'2019-01-11 15:15:00'),(298,198055667,4,NULL,52,40.8692,-73.8934,'2019-06-04 02:00:00'),(299,198552996,4,NULL,44,40.8438,-73.9166,'2019-06-14 02:45:00'),(300,195397264,4,NULL,40,40.8114,-73.9277,'2019-03-31 03:30:00'),(301,192974875,1,NULL,34,40.8641,-73.9295,'2019-01-30 19:02:00'),(302,198857665,4,1,40,40.8088,-73.9231,'2019-06-21 23:30:00'),(303,198948496,2,3,81,40.681,-73.9182,'2019-06-25 22:24:00'),(304,191949900,4,NULL,41,40.8217,-73.8929,'2019-01-06 02:46:00'),(305,193162778,1,1,32,40.8135,-73.9473,'2019-02-04 20:38:00'),(306,197534775,4,NULL,42,40.8376,-73.8893,'2019-05-23 00:20:00'),(307,194032590,2,NULL,60,40.577,-73.9815,'2019-02-26 16:23:00'),(308,196414298,4,NULL,44,40.8389,-73.9103,'2019-04-24 23:15:00'),(309,199134400,3,NULL,110,40.7384,-73.8656,'2019-06-28 04:30:00'),(310,195799804,3,NULL,115,40.7612,-73.8672,'2019-04-09 18:20:00'),(311,197293452,4,NULL,47,40.8871,-73.8678,'2019-05-16 22:01:00'),(312,198405079,2,NULL,61,40.5971,-73.9412,'2019-06-12 22:57:00'),(313,197997725,2,1,75,40.6555,-73.8841,'2019-06-03 07:07:00'),(314,196000888,2,1,73,40.6702,-73.9157,'2019-04-14 00:50:00'),(315,197475508,2,NULL,77,40.6707,-73.958,'2019-05-21 22:22:00'),(316,194817576,4,NULL,47,40.8832,-73.85,'2019-03-17 06:30:00'),(317,197665544,3,NULL,113,40.7009,-73.7541,'2019-05-27 02:46:00'),(318,199134399,4,2,41,40.8125,-73.9013,'2019-06-30 01:20:00'),(319,192545414,2,1,94,40.7189,-73.9398,'2019-01-19 22:25:00'),(320,195102366,4,NULL,42,40.8274,-73.9024,'2019-03-22 15:01:00'),(321,194817571,1,NULL,25,40.7973,-73.9375,'2019-03-17 03:37:00'),(322,192834303,2,1,73,40.6711,-73.9136,'2019-01-26 16:07:00'),(323,198858228,2,1,94,40.7174,-73.9393,'2019-06-22 02:36:00'),(324,195604250,2,NULL,67,40.6569,-73.9261,'2019-04-04 22:35:00'),(325,195396616,2,6,75,40.6622,-73.8864,'2019-03-31 05:05:00'),(326,192059857,4,NULL,47,40.8806,-73.8533,'2019-01-09 05:43:00'),(327,198998742,3,1,114,40.7549,-73.9104,'2019-06-26 00:36:00'),(328,198255468,3,1,103,40.6965,-73.7939,'2019-06-09 22:13:00'),(329,197660699,2,NULL,77,40.6687,-73.9284,'2019-05-26 14:00:00'),(330,195907494,1,NULL,32,40.8227,-73.9384,'2019-04-11 03:10:00'),(331,197700946,1,1,23,40.7971,-73.9427,'2019-05-28 01:50:00'),(332,193939353,4,NULL,46,40.8483,-73.9034,'2019-02-22 04:11:00'),(333,196315233,4,NULL,42,40.8267,-73.9035,'2019-04-22 23:15:00'),(334,196364279,5,NULL,121,40.639,-74.1712,'2019-04-23 00:18:00'),(335,191851037,4,NULL,49,40.8712,-73.8546,'2019-01-03 21:00:00'),(336,197654796,4,NULL,44,40.832,-73.918,'2019-05-24 22:13:00'),(337,194324354,4,6,44,40.8401,-73.9138,'2019-03-05 20:04:00'),(338,194527594,3,8,106,40.6799,-73.8511,'2019-03-09 04:00:00'),(339,197953468,2,NULL,75,40.6712,-73.8661,'2019-06-02 22:15:00'),(340,199134404,5,NULL,120,40.6253,-74.0816,'2019-06-30 03:33:00'),(341,198760075,2,10,75,40.6728,-73.8717,'2019-06-20 19:09:00'),(342,197381384,4,NULL,46,40.8494,-73.903,'2019-05-18 21:10:00'),(343,198900607,2,NULL,60,40.5743,-73.9941,'2019-06-24 00:05:00'),(344,198705941,2,NULL,73,40.6744,-73.9181,'2019-06-19 18:01:00'),(345,197850804,4,NULL,46,40.848,-73.9122,'2019-05-30 05:35:00'),(346,199052835,4,1,42,40.8332,-73.9091,'2019-06-28 00:25:00'),(347,192834300,2,NULL,83,40.6875,-73.9146,'2019-01-26 20:55:00'),(348,191995443,4,1,48,40.8412,-73.8799,'2019-01-07 19:19:00'),(349,195743581,3,2,115,40.7493,-73.8785,'2019-04-08 11:55:00'),(350,193118595,3,NULL,107,40.7276,-73.8173,'2019-01-07 19:30:00'),(351,193118589,2,NULL,67,40.6409,-73.9302,'2019-02-03 23:10:00'),(352,197381377,1,3,28,40.7978,-73.9486,'2019-05-18 03:39:00'),(353,198255463,2,NULL,79,40.6816,-73.958,'2019-06-08 00:40:00'),(354,193462347,2,NULL,75,40.676,-73.8678,'2019-02-11 08:50:00'),(355,193939356,3,NULL,109,40.7538,-73.8343,'2019-02-22 05:51:00'),(356,196680983,4,NULL,46,40.8588,-73.9053,'2019-05-02 00:19:00'),(357,196193413,3,11,108,40.7463,-73.9157,'2019-04-18 13:53:00'),(358,197953465,2,NULL,71,40.6661,-73.9314,'2019-06-01 22:20:00'),(359,194226976,2,NULL,75,40.6714,-73.8818,'2019-03-02 21:30:00'),(360,196095816,3,1,114,40.7606,-73.9361,'2019-04-16 17:40:00'),(361,196195745,1,1,23,40.7933,-73.9488,'2019-04-18 22:30:00'),(362,193694862,2,NULL,63,40.6309,-73.9185,'2019-02-17 14:08:00');
/*!40000 ALTER TABLE `unique_shooting` ENABLE KEYS */;
UNLOCK TABLES;
/*!40103 SET TIME_ZONE=@OLD_TIME_ZONE */;

/*!40101 SET SQL_MODE=@OLD_SQL_MODE */;
/*!40014 SET FOREIGN_KEY_CHECKS=@OLD_FOREIGN_KEY_CHECKS */;
/*!40014 SET UNIQUE_CHECKS=@OLD_UNIQUE_CHECKS */;
/*!40101 SET CHARACTER_SET_CLIENT=@OLD_CHARACTER_SET_CLIENT */;
/*!40101 SET CHARACTER_SET_RESULTS=@OLD_CHARACTER_SET_RESULTS */;
/*!40101 SET COLLATION_CONNECTION=@OLD_COLLATION_CONNECTION */;
/*!40111 SET SQL_NOTES=@OLD_SQL_NOTES */;

-- Dump completed on 2021-04-20 10:03:36
